"short keyword","long keyword"
"MLCR","Motleycrue"
"RMS","Rammstein"
"SLK","Slipknot"
"5FDP","5 finger death punch"
"MTH","Motorhead"
"KRN","Korn"
"ADC","ACDC"
"PTR","Pantera"
"SLER","Slayer"
"BLST","Black Sabbath"
"OZY","Ozzy"
"GNR","Gun 'n rose"
"SD","SOAD"
"LZPL","led zeppelin"
"AER","Aerosmith"
"UU","U2"
"EGL","Eagles"
"PPR","Papa Roach"
"WTC","Wutang clan"
"MTD","Mastodon"
"NIN","Nine Inch Nails"
"DSTUR","Disturbed"
"DIOO","Dio"
"GODM","Godsmack"
"BBEN","Breaking Benjamin"
"BLIK","blink-182"
"GRFD","Grateful dead"
"DLPR","DEF LEPPARD"
"MGD","Megadeth"
"QNN","Queen / Freddie Mercury"
"PRCE","PRINCE"
"ELV","ELVIS PRESLEY"
"CCF","Chicago Fire"
"LCY","I LOVE LUCY"
"RLST","The Rolling stone"
"PKFL","Pink Floyd"
"BRX","Boston red sox"
"DPP","Deep Purple"
"NVN","Nirvana"
"LKP","Linkin Park"
"QSC","queensryche"
"PLJ","Pearl Jam"
"DMT","Dave Matthew"
"LNSN","Lynyrd Skynyrd"
"ROH","Radiohead"
"ZLD","ZELDA"
"MTJ","monster jams"
"LBK","limp bizkit"
"WZR","Weezer"
"FGF","Florida gators football"
"GPK","Green Packers"
"SHL","Seahawls"
"RVN","ravens"
"DFT","Dying Fetus"
"CNC","cannibal corpse"
"TVM","trivium"
"PSN","poison"
"ANTR","Anthrax"
"EXD","Exodus"
"KRET","Kreator"
"MCF","Mercyful fate"
"DTH","DEATH"
"RAT","RATT"
"BHM","behemoth"
"JDPR","Judas priest"
"JFAP","Jefferson Airplane"
"RMN","Ramones"
"BML","Bob Marley"
"BRST","Bruce Springsteen"
"DPC","Depeche"
"STNK","Stevie Nicks"
"BSB","Backstreet boys"
"HSL","Harry Styles"
"BGS","Biggie Small"
"MNM","Minnie Mouse"
"FLM","fleetwood mac"
"BRSP","britney spears"
"DBA","Diabetes Awareness"
"JODE","john deere"
"GGWT","george washington"
"JST","James Stewart"
"FRC","Ferrero Rocher"
"FRTL","Frito-lay"
"RGP","RingPop"
"GRD","Green Day"
"JHL","Joker & Harley"
"CAE","Carl & Ellie"
"ANR","Anne Rice"
"HWK","hawkeye"
"GFID","Garfield"
"5NAF","Five Nights at Freddy's"
"JDD","Joan Didion"
"BMTH","Bring Me The Horizon"
"MSF","Misfits"
"SBT","Sabaton"
"KRK","Kid Rock"
"ASB","Austin Butler"
"PNBR","PnB Rock"
"T1975","The 1975"
"NTW","Nightwish"
"TJD","The Judds"
"BLSH","Blake Shelton"
"TMRH","Thomas Rhett"
"ZML","Zayn Malik"
"MMT","Melanie Martinez"
"RBM","Reba McEntire"
"SRS","Sofia Reyes"
"MLM","Maluma"
"MRLB","Miranda Lambert"
"DDYK","Daddy Yankee"
"CRCL","Chris Stapleton"
"KUB","Keith Urban"
"KSB","Kelsea Ballerini"
"NHR","Niall Horan"
"LTLS","Louis Tomlinson"
"CHRB","Chris Brown"
"MRM","Marilyn Monroe"
"JNRV","Jenni Rivera"
"GTV","Gloria Trevi"
"BIBO","Blood In Blood Out"
"GRS","Grease"
"WSS","West Side Story"
"PPC","Pedro Pascal"
"LZZ","Lizzo"
"FRGO","Fargo"
"C&C","Cheech & Chong"
"MGM","Mega Man"
"ZBR","Zach Bryan"
"STH","Sonic the Hedgehog"
"RDO","Rodeo"
"JCL","J Cole"
"GVF","Greta van fleet"
"SCRF","Scarface"
"RMST","Romeo Santos"
"ORP","OneRepublic"
"BSG","Bob Seger"
"DJTX","Daisy Jones & The Six"
"BND","Brooks & Dunn"
"SNDN","Shinedown"
"AOS","Agents of S.H.I.E.L.D."
"S41","Sum 41"
"TTB","Tedeschi Trucks Band"
"MSD","Muse band"
"TYTR","The Young and the Restless"
"JTN","Juneteenth"
"BLU","Bluey"
"TNTN","Tina Turner"
"STF","Street Fighter"
"NKB","Nickelback"
"SRV","Stevie Ray Vaughan"
"M20","Matchbox Twenty"
"HRD","Hardy"
"TMG","Tim McGraw"
"KNSB","Kansas band"
"50C","50 Cent"
"SWF","Switchfoot"
"NKH","Noah Kahan"
"LMN","The Lumineers"
"TDB","The Doobie Brothers"
"TSTL","The Silence of the Lambs"
"WLJN","Waylon Jennings"
"LBB","Lil Baby"
"JPD","Jon Pardi"
"CMG","CITY MORGUE"
"MHG","Merle Haggard"
"21SV","21 Savage"
"TLCL","Tyler Childers"
"HLVP","Hollywood Vampires"
"DRTT","Dream Theater"
"GGJN","George Jones"
"BRAD","Bryan Adams"
"OVK","Overkill"
"ALC","Alice In Chains"
"DTL","Dustin Lynch"
"ALBB","Alabama Band"
"LHOTP","Little House on the Prairie"
"STPT","Steel Panther"
"RTJ","Run The Jewels"
"PPB","Pulp Band"
"LJN","Lil Jon"
"WKM","Whiskey Myers"
"WSP","Widespread Panic"
"BBRS","Blackberry smoke"
"TOSR","The Offspring"
"JVKE","JVKE"
"RDRDDT","Redemption"
"MDV","Mudvayne"
"IPK","Impractical Jokers"
"ASSC","Assassin's Creed"
"DAC","David Allan Coe"
"LLCJ","LL Cool J"
"AHS","American Horror Story"
"RHOBH","The Real Housewives of Beverly Hills"
"AMAM","Amon Amarth"
"2CZ","2 Chainz"
"LDK","Lil Durk"
"SSP","Slightly Stoopid"
"GRDS","Grandson"
"5SOS","5 Seconds of Summer"
"TBC","The Black Crowes"
"STBD","Starbenders"
"LEBR","Lee Brice"
"TOL","The Outlaws"
"GML","Gov't Mule"
"BBTL","Blue Beetle"
"HWL3","Hank Williams III"
"KDB","Kodak Black"
"BTRM","Busta Rhymes"
"LTF","Little Feat"
"TONG","The Originals"
"TRGR","The Regrettes"
"MMM","Mamma Mia"
"FIR","falling in reverse"
"ASC","asteroid city"
"MFD","MF DOOM"
"OPHM","Oppenheimer"
"RKM","Rakim"
"HRC","Horror Characters"
"DCFC","Death cab for cutie"
"DBT","Drive By Truckers"
"SSM","Sam Smith"
"JLS","JLS"
"TIST","This Is Spinal Tap"
"IMDG","Imagine Dragons"
"STLD","Steely Dan"
"SMS","Stop Making Sense"
"BNTH","Boyz n the Hood"
"BTVS","Buffy the Vampire Slayer"
"BRBC","The Brady Bunch"
"MLHC","Molly Hatchet"
"TBFC","The Breakfast Club"
"WLC","Wilco"
"MMX","Mad max"
"TAAJ","The All-American Rejects"
"WDIS","What We Do in the Shadows"
"KSE","Killswitch Engage"
"PKMN","Pikmin"
"GTA","Grand Theft Auto"
"SDHT","Shadowhunters"
"KOL","Kings of Leon"
"NKM","Nicki Minaj"
"GGDL","Goo Goo Dolls"
"MTPT","Monty Python"
"STMB","Steve Miller Band"
"TMST","The Munsters"
"3DD","3 Doors Down"
"RMNT","Remnant"
"ITMM","In this Moment"
"CTCR","Counting Crows"
"HLST","Halestorm"
"TFLS","The Flaming Lips"
"STPL","Stone Temple Pilots"
"BFMV","Bullet for My Valentine"
"STMG","Steel magnolias"
"MBTT","Matchbox Twenty"
"JMY","John Mayer"
"BGN","Boygenius"
"CCRB","Creedence Clearwater Revival"
"TDG","Three Days Grace"
"JSMR","Jason Mraz"
"CCN","Chris Cornell"
"CDB","Cardi B"
"MCRM","My Chemical Romance"
"KGDM","King Diamond"
"MGWL","Morgan Wallen"
"TPONG","Type O Negative"
"BLBS","Black Label Society"
"MGD","Megadeth"
"FATM","Florence and the Machine"
"FDKG","Freddy Krueger"
"TPRL","The Pretty Reckless"
"KAM","Kool Aid Man"
"M3G","M3gan"
"RDMC","Run DMC"
"QAL","Queen & Adam Lambert"
"AVLV","Avril Lavigne"
"JCO","J.Cole"
"RRH","Roddy Ricch"
"NCLN","Nick Castellanos"
"SPK","south parks"
"MGS","mean girls"
"NJT","Teenage Mutant Ninja Turtles"
"PPPG","Peppa Pig"
"CSM","Christmas Movie"
"LOBR","Losto Bear"
"WHA","Wham"
"PAF","phineas and ferb"
"WHC","White Christmas"
"TMR","Tate Mcrae"
"MAS","Madness"
"RAL","Rick Astley"
"WSK","Whitesnake"
"MCE","Motley Crue"
"BMT","Babymetal"
"ADA","Adam Doleac"
"DHT","Deer Hunting"
"HRP","harry potter"
"SUNA","supernatural"
"DTW","doctor who"
"STW","star wars"
"MICK","MICKEY"
"CHCHG","ching chong"
"MNO","minion"
"SNPY","snoopy"
"BBNY","bugs bunny"
"DVD","Darth vader"
"BTF","back to the future"
"GPS","GRAM PARSONS"
"EDIE","Eddie"
"GBS","ghostbusters"
"ZZT","ZZ TOP"
"BDL","bob dylan"
"CRH","carolina hurricanes"
"MTLC","metallica"
"KTM","ktm RACING"
"LMM","lemmy"
"HWLJ","HANK WILLIAMS Jr"
"DND","donald duck"
"AVT","avatar"
"TAN","thanos"
"MKB","Mortal Kombat"
"JOK","Joker"
"JND","Johnny Depp"
"PKM","Pokemon"
"DPM","depeche mode"
"NBC","night before christmas"
"TWKD","the walking dead"
"BLWD","Black Widow"
"SLH","Slash"
"VHL","VAN HALEN"
"WLL","willie"
"CRL","Coor Light"
"BWS","Budweiser"
"CNL","Corona Light"
"MIL","Miller"
"BLM","blue moon"
"CBS","cowboys"
"GRY","Gryffindor"
"TMNT","RÙA"
"OKT","OUTKAST"
"WDW","litt"
"SCBD","SCOOBY-DOO"
"RICKM","Rick and Morty"
"TLM","the little mermaid"
"BATB","Beauty and the Beast"
"STC","STITCH"
"BTP","betty boop"
"JSK","jack skellington"
"DCD","DEICIDE"
"CHC","Cheech and Chong"
"BRZ","Bratz"
"NCD","National Cancer day"
"PSNL","Penn State Nittany Lions"
"FRS","Friends"
"TDS","the doors"
"CPH","Cypress Hill"
"DTS","Deftones"
"LDM","Lindemann"
"STK","Star trek"
"GRT","groot"
"JMS","Jameson"
"THG","THE HUNGER GAME"
"MNS","MOONSHINE"
"FAG","Family guy"
"STD","System of a down"
"MMS","Marilyn Manson"
"RZB","Rob Zombie"
"MSF","Misfits"
"AVG","Avengers"
"JWN","John Wayne"
"RBG","Ruth Bader Ginsburg"
"GGM","George Michael"
"RBP","Robert Plant"
"ESR","Ed Sheeran"
"KCB","Kurt Cobain"
"GBR","garth brooks"
"KRC","Keith Richards"
"JTBB","justin bieber"
"MPT","muppet"
"ADL","adam levine"
"BDBN","Bad Bunny"
"STT","stranger things"
"HUK","HULK"
"STN","Santana"
"MTR","Matrix"
"MRCR","Mariah Carey"
"ABT","albert einstein"
"TDR","Theodore Roosevelt"
"VAB","Virgil Abloh"
"BWC","Bewitched"
"NYC","New york city"
"HSH","HERSHEY'S"
"CRNT","coronita"
"RSS","Reese's"
"FFT","Foo Fighters"
"HAL","Han & Leia"
"BAC","Batman & Catwoman"
"TBD","Tom Brady"
"TVD","The Vampire Diary"
"YLST","Yellowstone"
"BTM","Batman"
"ECL","Eric Clapton"
"CPL","Cold play"
"AGT","American Gothic"
"TGD","Tangled"
"HIMYM","How I Met Your Mother"
"NASA","Nasa"
"HNS","Hennessy"
"APE","Appleton Estate"
"CBE","Cyberpunk Edgerunners"
"NRT","Naruto"
"BBT","Big Bang Theory"
"DMS","Demon Slayer"
"LTL","Loretta Lynn"
"SPA","Spirited Away"
"TRR","Tororo"
"STG","Studio Ghibli"
"LJD","Leslie Jordan"
"CRB","Care bears"
"SPS","Simpson"
"HRR","Horror"
"STB","Step brothers"
"LKL","Lucky Luke"
"ADE","Adele"
"BLE","Billie Eilish"
"MUS","Mushroom/Fungus"
"ODN","one direction"
"GPR","Guinea Pig Rodents"
"NCIS","NCIS"
"TACO","Taco cake"
"RDB","Reading Books"
"SHS","Shameless"
"DSMDM","Die Sendung mit der Maus"
"BR99","Brooklyn Nine-Nine"
"GH","General Hospital"
"TTN","Titanic"
"THC","The Hershey Company"
"JBB","jonas brothers"
"KBL","Ken Block"
"ADB","Andrea Bocelli"
"MCA","Marc Anthony"
"PRC","Puerto Rico"
"MEX","Mexico"
"STY","styx band"
"KDL","Kendrick Lamar"
"LLW","Lil Wayne"
"SHMD","Shawn Mendes"
"LAK","Los Angeles Kings"
"RSDE","Resident Evil"
"FOG","Fallout"
"TCS","Tacos"
"OTBK","Outer Banks"
"TSPN","The Sopranos"
"TCRM","True Crime"
"TBBT","The Big Bang Theory"
"RVD","Riverdale"
"TGF","The Godfather"
"EHC","Everybody Hates Chris"
"DLSL","De La Soul"
"WCTH","When Calls the Heart"
"LNO","Law & Order: Special Victims Unit"
"TBN","Tombstone"
"CCGM","Chicago Med"
"CYE","Curb Your Enthusiasm"
"GOTG","Guardians of the galaxy"
,"Iowa State Cyclones"
"IDJ","Indiana Jones"
"SSC","Strawberry Shortcake"
"JAWS","Jaws"
"BLR","Blade Runner"
"FRG","Forrest Gump"
"FCLB","Fight Club"
"SATC","Sex and the City"
"MUI","Monster Inc"
"PIB","Puss in Boots"
"TVD","The Vampire Diaries"
"YGO","Yu Gi Oh!"
"TSCI","The String Cheese Incident"
"FFN","Final Fantasy"
"WXC","Winx Club"
"RGT","Rugrats"
"GTMN","GHOSTEMANE"
"BFW","Fourth Wing"
"ALK","Alicia Keys"
"BOB","Brothers Osborne"
"ODM","Old Dominion"
"CSD","Cole Swindell"
"RLG","Riley Green"
"SHT","Sam Hunt"
"HWLJ","Hank Williams Jr."
"KNCN","Kenny Chesney"
"DBL","Dierks Bentley"
"DRRK","Darius Rucker"
"LTBT","Little Big Town"
"BND","Brooks & Dunn"
"MTRF","Matt Rife"
"DMNF","Dominic Fike"
"TAB","The avett brothers"
"BOMS","Bad Omens"
"KPM","Kip Moore"
"BLGB","Brantley Gilbert"
"TKLS","The killers"
"PLPA","Polyphia"
"CTMG","City Morgue"
"GOST","Ghost"
"KLA","Kool - Aid"
"FHS","Full House"
"SSB","Super Smash Bros."
"TXF","The X-Files"
"TOH","the owl house"
"FRSR","Frasier"
"TEXC","The Exorcist"
"DSTN","Destiny 2"
"PJTO","Percy Jackson & the Olympians"
"RGL","Ryan Gosling"
"HIPM","Home improvement"
"CJR","Conjuring"
"TADF","The Addams Family"
"TPPG","The Power Puff Girl"
"SLTH","Slotherhouse"
"CPSB","Corpse Bride"
"SFOE","Star vs. the Forces of Evil"
"INSO","Inside Out"
"WNTP","Winnie The Pooh"
"BLMD","Billy & Maddy"
"BZM","Bailey Zimmerman"
"PKMC","Parker McCollum"
"WZD","Warren Zeiders"
"KBP","Kimberly Perry"
"STHW","Steve Harwell"
"CLBS","Charlie Robinson"
"RDLK","Redlight King"
"MCDL","Motley Crue & Def Leppard"
"DLP","Dua Lipa"
"TYSV","Troye Sivan"
"EDSR","Ed Sheeran"
"KHL","Khalid"
"HSP","Heartstopper"
"RWB","Red White & Royal Blue"
"AED","Ash Vs Evil Dead evil"
"HAE","Home alone"
,"ELF"
"FOZ","frozen"
"JAP","Jurassic Park"
"MTP","Matthew Perry"
"TOG","Throne of Glass"
"NCK","Nutcracker"
"PTTN","Pentatonix"
"CDL","Cadillac"
"COG","Code Orange"
"ERE","EUROPE Band"
"WOK","Wonka"
"JAD","Jane's Addiction"
"GREM","Gremlin"
"CORS","Coriolanus Snow"
"MRC","MERICA"
"CHS","cole hauser"
"KSS","KISS"
"SPB","spongebob"
"SVV","Steve Vai"
"DLR","DAVID LEE ROTH"
"IMD","iron maiden"
"TBT","THE BEATLES"
"SPAP","spongebob and patrick"
"PIH","PHISH"
"TABS","The Allman Brothers Band"
"JGBD","jerry garcia BAND"
"PWR","Power ranger"
"VNM","Venom"
"CTS","Cartoons"
"FFL","Firefly"
"GOT","game of thrones"
"LK","Lion King"
"VGK","vegas golden knights"
"MCM","Michael Myers"
"CKY","Chucky"
"JAVOR","jason voorhees"
"POOH","pooh"
"DDP","deadpool"
"SPM","Spider Man"
"THOR","Thor"
"BBYD","Baby Yoda"
"IRM","iron Man"
"CAA","Captain America"
"PNS","Punisher"
"SPTR","sepultura"
"JDP","Judas Priest"
"SCP","Scorpions"
"HLQ","Harley Quinn"
"MLFC","Maleficient"
"LOD","Lamb of God"
"TSM","Testament"
"PRG","Power Rangers"
"SVD","Avenged Sevenfold"
"GSF","Ghostface"
"HDS","harley davidson"
"LOTR","lord of the rings"
"JDN","Jack Daniels"
"PTC","Pirates of the caribbean"
"JBM","jim beam"
"HCPP","hot chili pepper"
"TGV","THANKSGIVING"
"BJV","BON JOVI"
"JNJ","janis joplin"
"SDR","Sundrop"
"DTC","dutch"
"JHR","Jimi Hendrix"
"DVB","david bowie"
"DCK","diet coke"
"DRKS","DRINKS"
"MTND","MTN DEW"
"BDLT","BUD LIGHT"
"PTP","Peter Pan"
"TGR","The Grinch"
"MJS","Michael Jackson"
"JNC","Johnny cash"
"CLET","Clint Eastwood"
"STL","Stan lee"
"NLY","Neil young"
"JNW","john wick"
"CHB","Chester Bennington"
"JLN","John Lenon"
"HLD","Holly Dolly"
"HFD","Harrison Ford"
"LDC","Leonardo DiCaprio"
"FST","Frank Sinatra"
"LBR","luke bryan"
"CTL","Corey Taylor"
"TCR","TOM CRUISE"
"TPT","tom petty"
"TNU","Ted Nugent"
"PNK","PINK"
"TOF","The office"
"SQG","Squid Game"
"MRO","Mario"
"STNI","Steive Nick"
"TBH","The Beverly Hillbillies"
"GIL","Gilligan's Island"
"TGG","The Golden Girls"
"MCH","machine head"
"ALCP","ALICE COOPER"
"SND","Snoop Dogg"
"ARM","Alfa Romeo"
"ORC","Oracle"
"CTH","Cthulhu"
"TFL","The Flash"
"GNS","Genesis"
"GBU","The Good, the Bad and the Ugly"
"DCT","DUCATI"
"SQT","Selena Quintanilla"
"AHT","Aaliyah Haughton"
"TST","Twister Sister"
"LNTS","Looney Tunes"
"TMH","Toledo Mud Hens"
"HLDVS","Harley-Davidson"
"USL","Ursula"
"PGT","Piglet"
"HLW","Halloween"
"HCPC","Hocus Pocus"
"BBN","Bad Bunny"
"GGST","George Strait"
"DRB","Dragon Ball"
"BTJ","Beetlejuice"
"CDR","Cinderella"
"MGWL","Morgan Wallen"
"CBK","cobra kai"
"CRLN","Coraline"
"KRG","Karol G"
"CRMM","criminal minds"
"SCC","Schitt's Creek"
"BCS","Better Call Saul"
"SFD","Seinfeld"
"GMG","Gilmore Girls"
"BLP","Black Panther"
"BLAM","Black Adam"
"CHT","Cheetos"
"TSTR","Toy Story"
"TWL","Twilight"
"BLAM","black adam"
"DTAB","Downton Abbey"
"STP","south park"
"PGA","PGA TOUR"
"MWK","Milwaukee Tool"
"DWT","dewalt"
"HMK","Hallmark"
"MCB","Michael Bublé"
"TLSW","taylor swift"
"ARG","Ariana Grande"
"HM CHRS","Hallmark Movies"
"ACS","A Christmas Story"
"TGNS","The goonies"
"PLEP","Polar Express"
"DSN PJS","Disney Pajamas"
"NLCV","National Lampoon's Christmas Vacation"
"SBSP","spongebob squarepants"
"EEYORE","Eeyore"
"ANM","Anime"
"AKA","Alpha Kappa Alpha"
"ONK","Böhse Onkelz"
"UDO","udo lindenberg"
"WND","Wednesday"
"BRB","Breaking Bad"
"OLR","Olivia Rodrigo"
"BPK","Black Pink"
"SLNG","Selena Gomez"
"KTPR","Katy Perry"
"STBK","Starbucks"
"DRQ","Dairy Queen"
"MDN","McDonald's"
"MLSR","Miley Cyrus"
"ATMK","arctic monkeys"
"CAH","Carhartt"
"JITB","Jack in the Box"
"TLZ","The Legend of Zelda"
"ANC","Animal Crossing"
"CHES","cheers"
"KRB","Kirby"
"MNH","Money Heist"
"CBF","Cat - Butterfly - Faith"
"PZH","Pizza Hut"
"MDF","Modern Family"
"DRS","Dr. Seuss"
"CCCL","Coca Cola"
"PRM","Paramore"
"CLDO","Céline Dion"
"TVS","Travis Scott"
"JCE","JCole"
"EMN","Eminem"
"LNX","Lil Nas X"
"MR5","Maroon 5"
"GOW","God of War"
"MCR","Minecraft"
"LTP","Little Pony"
"RHN","Rihanna"
"DLS","Dallas Stars"
"SKR","Shakira"
"ACOTAR","acotar"
"EDR","elden ring"
"SCB","$uicideboy$"
"BRM","Bruno Mars"
"ANT","Anitta"
"OZN","Ozuna"
"FRO","Frank ocean"
"BKG","Becky G"
"OTL","Outlander"
"FTWKD","Fear the walking dead"
"SOA","Sons of Anarchy"
"VKG","Vikings"
"PKBL","Peaky Blinders"
"NFX","Netflix"
"FAF","fast and furious"
"DNE","Death Note"
"SEAL","seal team"
"SCRE","Scream"
"TRBA","True Blood"
"LGM","Longmire"
"CPĐ","Chicago P.D."
"TBK","The Blacklist"
"TAAHM","Two and a Half Men"
"NED","New Edition"
"GSC","Girl Scout Cookies"
"JNJ","Jesse & Joy"
"KNRS","Kenny Rogers"
"SBCP","Sabrina Carpenter"
"TBY","The Beach Boys"
"TKS","The Kinks"
"VSC","Versace"
"DIO","DIOR"
"SGD","Struggle Denning"
"TCE","the cure"
"TLC","TLC Band"
"BKM","Black Mirror"
"JNH","Junior H"
"CTV","Cat Stevens"
"SLTK","Sleep Token"
"ISD","Insidious"
"MML","Marshmello"
"BLK","The Black Keys"
"LUV","lil uzi vert"
"BTRH","Big Time Rush"
"RSL","rosalía"
"MNK","maneskin"
"CRLN","Carin León"
"TSGR","Tom Segura"
"CDJK","Cody Jinks"
"STMC","Scotty McCreery"
"JSIB","Jason Isbell And the 400 Unit"
"CLRV","Carlos Rivera"
"MKM","Killer Mike"
"MSIP","Mission: Impossible"
"FTN","Fortnite"
"GAVT","Ghost Adventures"
"5NAF","Five Nights at Freddy's"
"CFTV","Café Tacvba"
"SOC","Sinead O’Connor"
"BBCR","Buckcherry"
"TLCR","Tyler Childers"
"TTS","TOO"
"CSW","Chainsaw Man"
"NGE","Neon Genesis Evangelion"
"SCW","Scarlet Witch"
"AVTT","Adventure Time"
"GVTF","Gravity Falls"
"TSW","The Saw"
"CRSW","Creepshow"
"PNW","Pennywise"
"DSCMT","Disenchantment"
"AMRT","Alice Madness Return"
"TEG","The Eagles"
"TOO","Tool"
"BOG","Boy George"
"AMK","Artic Monkey"
"TCK","The Chicks"
"ATSH","A Thousand Horses"
"MGT","MGMT"
"KGLW","King gizzard & The lizard wizard"
"MAN","Maná"
"YLW","Yelawolf"
"LACS","The Lacs"
"BYU","Brigham Young University"
"BRCS","Billy Ray Cyrus"
"RODW","Rod wave"
"NFJ","NF"
"EWCL","Edward Cullen"
"MED","Monster Energy Drink"
"CTOS","Cheetos"
"TRUM","Donald Trump"
"STP","Slaughter to Prevail"
"LNSH","Lorna Shore"
"SPBX","Spiritbox"
"KEK","Kelvin Kiptum"
"DSNC","Disney Cartoons"
"JAK","Jason Kelce"
"JNY","Journey Rock Band"
"SMR","Super Mario"
"PCTV","Pierce The Veil"
"COST","Costco"
"DKD","Dunkin’ Donuts"
"SWD","Swinging Duck"
"BRD","Brewdog"
"DPR","Dr Pepper"
"BLT","busch light"
"RBB","Reuben's Brew"
"CRR","Crown Royal"
"ABA","ABBA"
"ELS","Elysian Space"
"DLPT","dolly parton"
"BGE","BEE GEES"
"IDOJ","I dream of Jeanny"
"GSM","gunsmoke"
"WFS","Welch's Fruit Snacks"
"ORO","Oreo"
"MST","mustang"
"FOB","Fall out boy"
"VFD","Vicente Fernandez"
"HTL","Heartland"
"VDT","V for Vendetta"
"JBD","James Bond"
"MVL","MARVEL"
"JVL","José Vitor Leme"
"GRL","gorillaz"
"ALM","Australian Men's"
"GDE","Golden Earring"
"MND","Mountain Dew"
"THT","Tim Hortons"
"LOKI","LOKI"
"CHLS","chelsea"
"SCM","SCOTT R. MARTIN"
"CJC","Carl Jocumsen"
"JRSW","Jurassic world"
"SUP","superman"
"JBT","Jimmy Buffett"
"JKS","Jujutsu Kaisen"
"HT2","hunter x hunter"
"TNR","Turning Red"
"ATT","Attack on Titan"
"OPC","One Piece"
"DSC","OAT"
"WWC","World of Warcraft"
"HALO","HALO"
"WSM","Will Smith"
"PCL","Phil Collins"
"PMC","Paul McCartney"
"DTST","Doctor Strange"
"ETN","Elton John"
"MJB","Mary J. Blige"
"MBS","Morbius"
"SCR","South Carolina"
"RHCP","Red Hot Chili Peppers"
"TSD","The Secret of Dumbledore"
"TCH","Top Chef"
"VSG","volkswagen"
"CVL","Chevrolet"
"PCH","Porsche"
"MCD","mercedes"
"YMH","yamaha"
"SZK","SUZUKI"
"RMA","As Roma"
"BBH","Beavis and Butt-Head"
"TG","Top Gun"
"MAR","Ms marvel"
"IDD","INdependence day"
"NKOTB","New Kids on the Block"
"TBS","The Boys Series"
"PND","Peanut Doll"
"LOLLA","Lollapalooza"
"SKWK","Shark week"
"F13","Friday the 13th"
"NKE","Nike"
"HTMS","Haunted Maison"
"PTML","Post Malone"
"GRAN","Grey's anatomy"
"JDH","jeff dunham"
"JNY","Journey"
"RHPS","The Rocky Horror Picture Show"
"TWD","The Weeknd"
"BBW","Bourbon Whiskey"
"MMW","Maker's Mark Whiskey"
"GBS","ghibli studio"
"TBL","The Big Lebowski"
"FFC","Friday (franchise)"
"PFF","Pulp Fiction Film"
"OFAH","Only Fools and Horses"
"TDH","The dukes of hazzard"
"TFS","The Flintstones"
"BABH","Beavis and butthead"
"PNT","Peanuts"
"BBG","Bob's burgers"
"SLM","Sailor Moon"
"FTRM","Futurama"
"WTP","Winnie The Pooh"
"HLKT","Hello Kitty"
"AWG","The Amazing World of Gumball"
"MASH","M*A*S*H"
"SHM","Sherlock Holmes"
"JNFLP","Jennifer Lopez"
"FLMG","FLAMINGO"
"FRBD","French Bulldog"
"DRK","Drake"
"LKC","Luke Combs"
"BGF","Big Foot"
"LDR","Lana Del Rey"
"JEP","Jeep Car"
"BGK","Burger king"
"GDRV","golden retriever"
"SZA","SZA"
"LDGG","Lady Gaga"
"DLGN","Dollar general"
"EIP","Emily in Paris"
"CRU","Carrie Underwood"
"TMD","The Mighty Ducks"
"SNTW","shania twain"
"LBRD","Labrador Retriever"
"SLT","Sloth"
"HMB","Hummingbird"
"HRS","Horse"
"GMSD","German shepherd dogs"
"ESHC","Exotic shorthair cats"
"RGDC","Ragdoll cats"
"BYC","beyonce"
"DNK","Donkey"
"FNB","Food and Beverage"
"PRT","Parrot"
"CWG","Cowgirl"
"ELP","Elephant"
"OTH","One Tree Hill"
"LEPD","Leopard"
"TWT","The Witcher"
"AMTW","Ant-Man and the Wasp"
"KOH","King of the Hill"
"CTR","Cheap Trick"
"TLOS","The last of us"
"T100","The 100"
"HGLC","Hogwarts Legacy"
"KNW","Kanye West"
"KBR","kane brown"
"WLN","Willie Nelson"
"HKC","Hell's Kitchen"
"MDA","Madonna"
"DRDR","Duran Duran"
"SVV","Survivor"
"ALJ","Alan Jackson"
"CLP","Charlie Puth"
"BKG","Becky G"
"TNS","The Tonight Show Starring Jimmy Fallon"
"JSA","Jason Aldean"
"BRP","brad paisley"
"DJC","Doja Cat"
"TMC","Timothée Chamalet"
"ATB","Austin Butler"
"KNR","Keanu Reeves"
"TMCL","Timothée Chalamet"
"MTBM","Metro Boomin"
"USR","Usher"
"DND","Dungeons & Dragons"
"LNWL","Lainey Wilson"
"SCS","Succession"
"TWO","The Who"
"WLE","Westlife"
"NSYNC","*NSYNC"
"
JNJS","Janet Jackson"
"CPY","Coldplay"
"VDPR","Vanderpump Rules"
"TLO","Ted Lasso"
"EVS","Evanescence"
"BBE","Barbie"
"TFR","Transformers"
"QOSA","Queens of the Stone Age"
"DAO","Diablo"
"ZBB","zac brown band"
"FED","Feid"
"TBKH","Toby Keith"
"ERC","Eric Church"
"JLR","Jelly Roll"
"RAJD","Rauw Alejandro"
"CDJS","Cody Johnson"
"HZR","Hozier"
"EKBD","Erykah Badu"
"TOP","twenty one pilots"
"AAA","Anuel AA"
"C3","Creed III"
"IASIP","It's Always Sunny in Philadelphia"
"TTZ","Twilight Zone"
"MDGC","Madagascar"
"NF","NF"
"BNZ","Bonanza"
"GJR","Gojira"
"OUAT","Once Upon a Time"
"TMTM","The mary tyler moore show"
"SMPK","Smashing Pumpkins"
"WWDIS","What We Do in the Shadows"
"CGD","Corgi dog"
"CLR","Clairo"
"SRK","Shark"
"GDVB","Good Vibes"
"SBD","Shiba dog"
"GOO","Goose"
"RBD","RBD (Mexico)"
"MOW","Motionless in White"
"OATH","Oliver Anthony"
"KOW","Koe Wetzel"
"KLK","Killer Klowns"
"SGA","Soundgarden"
"SMO","Smash Mouth"
"AST","Astarion"
"LRDG","Lauren Daigle"
"TVK","Travis Kelce"
"EVR","Elvira Mistress"
"BGM","Boogieman"
"TCRA","The Craft"
"MCML","Mac Miller"
"VCMN","Victoria Monét"
"BCO","Breast Cancer October"
"BRF","Brent Faiyaz"
"HEXG","The Hex Girls"
"LTJ","Lil Tjay"
"KVG","Kevin Gates"
"BTBG","Bitch Be Gone"
"TADC","The Amazing Digital Circus"
"CRDB","Creed band"
"TYA","Tyla"
"MGMR","Megan Moroney"
"PWP","PAW Patrol"
"CHR","Cher"
"RER","Renee Rapp"
"RTRN","Rudolph the Red-Nosed Reindeer"
"OBH","Once Upon a Broken Heart"
"AAF","The Ballad of The Archer and The Fox"
"NSB","Nick Saban"
"BTH","Beartooth"
"MLC","Maleficent"
"MGK","Machine Gun Kelly"
"KNL","Knocked Loose"
"AJB","AJR Band"
"NNL","Nanalan'"
"TMVR","The Mavericks Band"
"TNKTOP","Criss-cross tank top"
"FM","Face mask"
"LACESW","Lace-up sweatshirt"
"TTLG","Tanktop legging set"
"HDLG","Hoodie legging set"
"LINEN","linen shirt"
"HOODIE","Hoodie"
"TUMB","Tumbler"
"3D","Áo 3d (4 loại)"
"HDRS","Hoodie dress"
"BDY","Body dress"
"TSHIRT","t-shirt"
"WIND","wind chime"
"CAROR","car hanging ornament"
"HW","hawaiian shirt"
"JRS","jersey"
"ZHOODIE","Zip Hoodie"
"CreS","Crewneck Sweatshirt"
"SHORT","SHORTS SWIM TRUNKS"
"PAC","Placemats AND Coaster"
"PCM","Placemats"
"CTT","Coaster"
"luo DRESS","Lace-up off-the-shoulder dress"
"sun","sunshade"
"flag","Flag"
"PT","Poster"
"HFZ","Heavy Fleece Zip Hoodie"
"FF","Flip flop"
"SLEVE","SLEEVELESS DRESS"
"HWS","Hawaii and Short set"
"PZZ","PUZZLE"
"SBL","Shoulder Blouse"
"PWS","Pants With Strap"
"SLV","Sleeveless Vest"
"VNS","V-Neck Sleeved"
"PECLO","Pet Clothes"
"BET","BEACH TOWEL"
"HCD","HALTER CAMI DRESS"
"SHS","SHOES"
"IBD","international beer day"
"DRM","Door mat"
"LNT","LED NIGHT"
"WTS","Women's Off-Shoulder T-Shirt"
"BLKT","BLANKET"
"CRM","CHRISTMAS"
"LJK","Leather jacket"
"CRMT","CHRISTMAS TREE ORNAMENT"
"LCTT","LONG CRISS-CROSS TANK TOP"
"HLWT","HLW TREE ORNAMENT"
"BBLK","BOMBER LEATHER JACKET"
"LTV","LEATHER VEST"
"KNST","KNITTED SWEATER"
"PLW","PILLOW"
"MLNT","METAL WALL ART WITH LED LIGHTS"
"DMJK","DENIM JACKET"
"PJS","PAJAMAS SET"
"LWOR","LAYERED WOOD ORNAMENT"
"CAP","CAP"
"GBC","GLITTER BAUBLE"
"CRST","CHRISTMAS STOCKING"
"SLP","SLIPPER"
"CDG","Cardigan"
"MRB","MEN ROBES"
"GLC","GLASSES CASE"
"CMS","CASHMERE SCARF"
"HLTS","HALTER T-SHIRT"
"LCHB","LUNCH BAG"
"GLS","GLASS"
"CSC","CAR SEAT COVER"
"MSB","MUSIC BOX"
"HZS","HALF ZIP SWEATSHIRT"
"LEG","LEGGINGS"
"BRLT","BRACELET"
"NKL","NECKLACE"
"BLD","Off-shoulder Back Lace-up Dress"
"SST","Black Lace Shoulder Strap T-shirt"
"DPL","doorplate"
"LCMD","LACE-UP CAMI DRESS"
"HTS","HALTER T-SHIRT"
"RMP","ROMPER"
"TRS","TROUSERS"
"SWC","Steering Wheel Cover"
"BSCD","Back Straps Cami Dress"
"BLS","BLOUSE SHIRT"
"SVCD","Sling V-Neck Cross Dress"
"WSF","Women's Square Fringed Shawl"
"CVS","Canvas Shoes"
"VSS","VANS SHOES"
"SWP","Sweatpants"
"CRS","CROCS"
"JERCTS","COLLECTION JERSEY CARTOON"
"STTOP","Women's Skinny Sport Tank Top"
"LW","Leather Wallet"
"WPP","3D Wall Murals Wallpaper"
"HAP","Heart-Acrylic Plaque"
"SHQL21","Sneaker Boots"
"LTT","Letter"
"SWT","Thicken Sweater"
"LRN","LED ACRYLIC ORNAMENT"
"Z57","Leather boots"
"WBAF","Hoodie Oversized"
"VRC","Vinyl Record Clock"
"BPD","BATWING POCKET DRESS"
"CTHL/CHDLG","Crop top hoodie leggings"
"TTLG","Tank top/sport bra leggings"
"SPJS","Short Button Down Pajamas Set"
"RDM","Round Door Mat"
"CHDJG","Cropped Hoodie and Joggers Set"
"VTNKTOP","Ring Hole Vneck Tank Top/ Button Tank Top"
"LNS","Men Long Sleeves Line Shirt"
"TTSS","Vneck Tank Top & Shorts"
"SWSS","Sweatshirt &Shorts"
"COIN","Coin"
"
DUNE","Dune"
"TTBS","Racerback tank top with biker shorts"
"JRSC","Jersey n Cap"
"SSKC","Swimsuit With Kimono Cover Up"
"SWSC","Swimsuit With Towel"
"HWC","Hawaiian shirt and cap"
"ATBD","Automatic Buddlehead"
"TUMPAD","Tumbler and mouse pad"
"DNS","Denim Crop Top Tie Knot Shirt"
"OSBH","Oversized Shirt With Bucket Hat"
"OSC","Oversized Shirt With CAP"
"TTSP","Crisscross Tie Back Tank Top And Sweatpants"
"MTNKTOP","Ladies Muscle TankTop"
"BADN","Bandana"
"JRSB","Jersey and bandana"
"TSTB","TSHIRT and Tote bag"
"PLS","Polo Shirt"
"PVLG","Puffer Vest With Leggings Combo"
"SPV","Sleeveless Puffer Vest"
"PVJG","Puffer Vest With Jogger Combo"
"HZJK","Raglan Half-Zip Hooded Jacket"
"HDJK","HOODED DENIM JACKET"
"CAD","Candle"
"RR","Round Rug"
"TUMB2","Tumbler 2"
"HDJG","Hoodie Jogger set"
"HDLJ","HOODIE WITH LEGGINGS AND JOGGER COMBO"
"BAS","Beanie and Scarf"
"ORM","ORNAMENTS"
"SWT2","Thicken Sweater 2"
"BFJ","Button Fleece Jacket"
"BLHD","Blanket Hoodie"
"CLD","Calendar"
"SCF","Scuderia Ferrari"
"TSD","The Secret Of Dumbledore"
"DHK","Dwayne Haskins"
"TBJ","Toronto Blue Jays"
"SDP","San Diego Padres"
"PPP","Philadelphia Phillies"
"MPG","Memphis Grizzlies"
"TRT","Toronto Raptors"
"TCH","Top Chef"
"VSG","Volkswagen"
"CVL","Chevrolet"
"PCH","Porsche"
"MCD","Mercedes"
"TGN","The Grand National"
"KTD","Kentucky Derby"
"YMH","Yamaha"
"SZK","Suzuki"
"MNST","Minnesota Twins"
"RMA","As Roma"
"BBH","Beavis And Butt-head "
"TG","Top Gun"
"EDO","Edmonton Oilers"
"MAR","Ms Marvel"
"TLS","Texas Longhorns "
"OMRB","Ole Miss Rebell Baseball"
"IDD","Independence Day"
"OLHM","Oklahoma Sooners Baseball "
"NKOTB","New Kids On The Block"
"PITTS","Pittsburgh Pirates"
"TDFR","Tour De France "
"RFN","Rafael Nadal"
"TBS","The Allman Brothers Band"
"STMR","Seattle Mariners"
"DTTG","Detroit Tigers"
"PND","Peanut Doll"
"LOLLA","Lollapalooza"
"SKWK","Shark Week"
"SRT","Sydney Roaster"
"NQC","North Queensland Cowboys"
"CRNL","Cronulla Sharks"
"BRBB","Brisbane Broncos"
"PRPT","Penrith Panthers"
"MBNFC ","Melbourne Football Club"
" BRBL ","Brisbane Lions"
"GLC","Geelong Cats"
"CLWFC","Collingwood Football Club (Collingwood Magpies)"
"WTG","Wests Tigers"
"FRMT","Fremantle Dockers"
"MBSM","Melbourne Storm"
"PRMT","Parramatta Eels"
"SNSW","Sydney Swans"
"MWSE","Manly-warringah Sea Eagles"
"NZW","New Zealand Warriors"
"GCT","Gold Coast Titans"
"F13","Friday The 13th"
"HTMS","Haunted Mansion"
"PTML","Post Malone "
"GRAN","Grey's Anatomy"
"JDH","Jeff Dunham"
"JNY","Journey"
"RHPS","The Rocky Horror Picture Show "
"TWD","The Weeknd "
"LSU","Lsu Football"
"LVA","Las Vegas Aces "
"SRN","Serena Williams"
"FSS","Florida State Seminoles"
"PLDE","Philadelphia Eagles"
"RDC","Ryder Cup Usa"
"BBW","Bourbon Whiskey"
"MMW","Maker's Mark Whiskey"
"GBS","Ghibli Studio"
"TBL","The Big Lebowski"
"FFC","Friday (Franchise)"
"PFF","Pulp Fiction Film"
"OFAH ","Only Fools And Horses"
"TDH","The Dukes Of Hazzard"
"TFS","The Flintstones"
"BABH","Beavis And Butthead"
"PNT","Peanuts"
"BBG","Bob's Burgers"
"SLM","Sailor Moon"
"FTRM","Futurama"
"WTP","Winnie The Pooh"
"HLKT","Hello Kitty"
"AWG","The Amazing World Of Gumball "
"NCAF","Ncaa Football Crocs "
"MASH","M*a*s*h"
"SHM","Sherlock Holmes"
"JNFLP","Jennifer Lopez"
"FLMG","Flamingo"
"FRBD","French Bulldog"
"DRK","Drake"
"CLHN","Charlotte Hornets"
"LKC","Luke Combs"
"BGF","Big Foot"
"PL76","Philadelphia 76ers"
"JEP","Jeep Car"
"BGK","Burger King"
"GDRV","Golden Retriever"
"SZA","Sza"
"LDGG","Lady Gaga"
"DLGN","Dollar General"
"EIP","Emily In Paris"
"CRU","Carrie Underwood"
"TMD","The Mighty Ducks "
"SNTW","Shania Twain"
"LBRD","Labrador Retriever"
"SLT","Sloth "
"HMB","Hummingbird "
"HRS","Horse"
"GMSD","German Shepherd Dogs"
"ESHC","Exotic Shorthair Cats"
"RGDC","Ragdoll Cats"
"BYC","Beyonce"
"DNK","Donkey"
"PRT","Parrot"
"CWG","Cowgirl"
"ELP","Elephant"
"OTH","One Tree Hill"
"LEPD","Leopard"
"LDR","Lana Del Rey "
"TWT","The Witcher"
"AMTW","Ant-man And The Wasp"
"SSR","South Sydney Rabbitohs"
"ADLC","Adelaide Crows"
"SNRT","Sydney Roosters"
"KOH","King Of The Hill"
"CTR","Cheap Trick"
"TLOS","The Last Of Us"
"T100","The 100"
"HGLC","Hogwarts Legacy"
"KNW","Kanye West"
"KBR","Kane Brown"
"WLN","Willie Nelson"
"HKC","Hell's Kitchen "
"MDA","Madonna"
"DRDR","Duran Duran "
"SVV","Survivor"
"ALJ","Alan Jackson"
"BKG","Becky G"
"TNS","The Tonight Show Starring Jimmy Fallon "
"JSA","Jason Aldean"
"BRP","Brad Paisley"
"DJC","Doja Cat"
"TMC","Timothée Chamalet"
"ATB","Austin Butler"
"KNR","Keanu Reeves"
"TMCL","Timothée Chalamet "
"MTBM","Metro Boomin"
"USR","Usher"
"DND","Dungeons & Dragons"
"LNWL","Lainey Wilson "
"SCRK","Sacramento Kings"
"OCT","Oklahoma City Thunder"
"SCS","Succession"
"TWO","The Who"
"WLE","Westlife"
"NSYNC","*nsync"
"JNJS","Janet Jackson"
"CPY","Coldplay"
"VDPR","Vanderpump Rules"
"TLO","Ted Lasso"
"EVS","Evanescence"
"BBE","Barbie"
"TFR","Transformers"
"QOSA","Queens Of The Stone Age"
"DAO","Diablo"
"ZBB","Zac Brown Band "
"FED","Feid"
"TBKH","Toby Keith"
"ERC","Eric Church"
"JLR","Jelly Roll "
"RAJD","Rauw Alejandro "
"CDJS","Cody Johnson"
"RFC","Richmond Football Club"
"HZR","Hozier "
"EKBD","Erykah Badu"
"TOP","Twenty One Pilots"
"AAA","Anuel Aa"
"C3","Creed Iii"
"IASIP","It's Always Sunny In Philadelphia"
"TTZ","Twilight Zone"
"MDGC","Madagascar"
"NF","Nf"
"BNZ","Bonanza"
"GJR","Gojira "
"OUAT","Once Upon A Time "
"TMTM","The Mary Tyler Moore Show"
"SMPK","Smashing Pumpkins"
"WWDIS","What We Do In The Shadows"
"HPGM","Happy Gilmore"
"DBD","Duke Blue Devils Football"
"JBR","James Brown"
"ADSP","Anderson .paak"
"VSTP","Vin Staples"
"VDCM","Vanderbilt Commodore"
"TAMA","Texas A&m Aggies "
"RCPT","Richard Petty"
"HST","Heartstopper"
"UMM","Umass Minutemen"
"CLB","Colorado Buffaloes "
"PSP","Peso Pluma"
"UDT","The Undertaker"
"SRL","Seth Rollins"
"SMGE","Southern Miss Golden Eagles"
"WSCF","Washington State Cougars "
"BRH","Bret Hart"
"BSBF","Boise State Broncos Football"
"SCSA","Stone Cold Steve Austin"
"HKHG","Hulk Hogan"
"DKDN","Dunkin' Donuts"
"BLE","Blondie Band "
"WOWP","Wizards Of Waverly Place"
"ABK","Army Black Knights"
"TEPD","The Expendables"
"JMDK","James Madison Dukes"
"SMUM","Smu Mustangs"
"MTHD","Marshall Thundering Herd "
"BVB","Black Veil Brides"
"PLCT","Playboi Carti"
"CGB","California Golden Bears"
"HRW","Hawaii Rainbow Warriors"
"CTYJ","Georgia Tech Yellow Jackets "
"ISR","Israel"
"GPL","Grouplove"
"TCWN","The Crown"
"JBNM","Joe Bonamassa "
"KCMG","Kacey Musgraves"
"CDCB","Candace Cameron Bure"
"CLBBJ","Columbus Blue Jackets"
"MOTFS","Miracle On 34th Street "
"HNK","Heneiken"
"TWW","The West Wing"
"DHD","Die Hard"
"PNR","Parks And Recreation"
"TOC","The Time-life Treasury Of Christmas"
"STS","Suits"
"BBSD","Barbra Streisand"
"TAGS","The Andy Griffith Show"
"IDOJ","I Dream Of Jeannie "
"MCMY","Micheal Myer"
"PTTX","Pentatonix"
"BCB","Bing Crosby "
"JSJ","Jesse James"
"RAW","The Runaways"
"AQM","Aquaman"
"JSM","Joe Strummer"
"F1","Formula 1"
"TTMT","The Terminator"
"POPE","Popeye"
"KFPD","Kungfu Panda"
"PCTV","Pierce The Veil "
"TOO","Tool"
"RODW","Rod Wave"
"CPSB","Corpse Bride"
"DSCMT","Disenchantment"
"TPPG","The Power Puff Girl"
"CLR","Clairo"
"SCW","Scarlet Witch"
"GDVB","Good Vibes"
"SBD","Shiba dog"
"SFOE","Star vs. the Forces of Evil"
"AMRT","Alice Madness Return"
"WNTP","Winnie The Pooh"
"MGS","Mean Girls"
"HAE","Home Alone"
"SPK","South Parks"
"NJT","Teenage Mutant Ninja Turtle"
"LNWL","Lainey Wilson "
"TADC","The Amazing Digital Circus"
"PWP","PAW Patrol"
"RTRN","Rudolph the Red-Nosed Reindeer"
"JDP","Judas Priest"
"BTP","betty boop"
"NCK","Nutcracker"
"FOZ","frozen"
"COG","Code Orange"
"SMR","Super Mario"
"WOK","Wonka"
"BTH","Beartooth"
"TMR","Tate Mcrae"
"CRDB","Creed"
"AJB","AJR"
"CADL","Cadillac"
"CRS","Clogs"
"Crs","Clogs"
